timestamp,pattern,action,confidence
2024-04-01 00:15:00,Bearish Momentum,Sell,High
2024-04-01 00:30:00,Doji,Hold,High
2024-04-01 00:35:00,Bullish Momentum,Buy,High
2024-04-01 00:40:00,Spinning Top,Hold,High
2024-04-01 00:45:00,Spinning Top,Hold,High
2024-04-01 00:55:00,Bearish Momentum,Sell,High
2024-04-01 01:00:00,Bearish Momentum,Sell,High
2024-04-01 01:05:00,Doji,Hold,High
2024-04-01 01:10:00,Bearish Momentum,Sell,High
2024-04-01 01:20:00,Bullish Momentum,Buy,High
2024-04-01 01:25:00,Doji,Hold,High
2024-04-01 01:30:00,Spinning Top,Hold,High
2024-04-01 01:35:00,Bullish Momentum,Buy,High
2024-04-01 01:50:00,Doji,Hold,High
2024-04-01 01:55:00,Bearish Momentum,Sell,High
2024-04-01 02:05:00,Spinning Top,Hold,High
2024-04-01 02:10:00,Spinning Top,Hold,High
2024-04-01 02:15:00,Bearish Momentum,Sell,High
2024-04-01 02:20:00,Spinning Top,Hold,High
2024-04-01 02:25:00,Spinning Top,Hold,High
2024-04-01 02:35:00,Spinning Top,Hold,High
2024-04-01 02:45:00,Doji,Hold,High
2024-04-01 02:50:00,Bearish Momentum,Sell,High
2024-04-01 02:55:00,Spinning Top,Hold,High
2024-04-01 03:00:00,Spinning Top,Hold,High
2024-04-01 03:10:00,Doji,Hold,High
2024-04-01 03:15:00,Bullish Momentum,Buy,High
2024-04-01 03:20:00,Doji,Hold,High
2024-04-01 03:25:00,Bearish Momentum,Sell,High
2024-04-01 03:40:00,Doji,Hold,High
2024-04-01 03:45:00,Bullish Momentum,Buy,High
2024-04-01 03:50:00,Spinning Top,Hold,High
2024-04-01 04:00:00,Spinning Top,Hold,High
2024-04-01 04:05:00,Spinning Top,Hold,High
2024-04-01 04:10:00,Bearish Momentum,Sell,High
2024-04-01 04:15:00,Doji,Hold,High
2024-04-01 04:20:00,Spinning Top,Hold,High
2024-04-01 04:25:00,Bullish Momentum,Buy,High
2024-04-01 04:30:00,Spinning Top,Hold,High
2024-04-01 04:35:00,Bearish Momentum,Sell,High
2024-04-01 04:40:00,Bearish Momentum,Sell,High
2024-04-01 04:50:00,Spinning Top,Hold,High
2024-04-01 04:55:00,Bullish Momentum,Buy,High
2024-04-01 05:00:00,Spinning Top,Hold,High
2024-04-01 05:10:00,Bearish Momentum,Sell,High
2024-04-01 05:25:00,Spinning Top,Hold,High
2024-04-01 05:50:00,Spinning Top,Hold,High
2024-04-01 05:55:00,Bullish Momentum,Buy,High
2024-04-01 06:20:00,Spinning Top,Hold,High
2024-04-01 06:25:00,Bearish Momentum,Sell,High
2024-04-01 06:55:00,Bullish Engulfing,Buy,High
2024-04-01 07:00:00,Spinning Top,Hold,High
2024-04-01 07:05:00,Bullish Momentum,Buy,High
2024-04-01 07:20:00,Doji,Hold,High
2024-04-01 07:25:00,Bullish Momentum,Buy,High
2024-04-01 07:35:00,Spinning Top,Hold,High
2024-04-01 07:50:00,Bearish Momentum,Sell,High
2024-04-01 08:10:00,Spinning Top,Hold,High
2024-04-01 08:15:00,Spinning Top,Hold,High
2024-04-01 08:20:00,Bearish Momentum,Sell,High
2024-04-01 08:25:00,Spinning Top,Hold,High
2024-04-01 08:30:00,Spinning Top,Hold,High
2024-04-01 08:35:00,Doji,Hold,High
2024-04-01 08:40:00,Spinning Top,Hold,High
2024-04-01 08:45:00,Bullish Engulfing,Buy,High
2024-04-01 09:00:00,Bearish Momentum,Sell,High
2024-04-01 09:10:00,Bullish Momentum,Buy,High
2024-04-01 09:25:00,Spinning Top,Hold,High
2024-04-01 09:30:00,Bullish Momentum,Buy,High
2024-04-01 09:40:00,Doji,Hold,High
2024-04-01 09:45:00,Bearish Momentum,Sell,High
2024-04-01 09:50:00,Doji,Hold,High
2024-04-01 09:55:00,Bearish Momentum,Sell,High
2024-04-01 10:05:00,Spinning Top,Hold,High
2024-04-01 10:20:00,Bearish Momentum,Sell,High
2024-04-01 10:25:00,Spinning Top,Hold,High
2024-04-01 10:30:00,Bullish Momentum,Buy,High
2024-04-01 10:40:00,Bearish Momentum,Sell,High
2024-04-01 10:45:00,Spinning Top,Hold,High
2024-04-01 10:50:00,Spinning Top,Hold,High
2024-04-01 10:55:00,Bullish Momentum,Buy,High
2024-04-01 11:15:00,Spinning Top,Hold,High
2024-04-01 11:20:00,Spinning Top,Hold,High
2024-04-01 11:25:00,Bullish Momentum,Buy,High
2024-04-01 11:35:00,Bearish Momentum,Sell,High
2024-04-01 11:45:00,Spinning Top,Hold,High
2024-04-01 11:50:00,Bearish Momentum,Sell,High
2024-04-01 11:55:00,Doji,Hold,High
